Page,4,Page No. 4,0,.\Bmp\5m.bmp,,,,,,,,,,,,,,,,,,,,,,,,,,,,,,,,,,,,,,,,,,,,,,,
CHA,50,62,0,0,0,0,0,65536,1,,5,.\BMP\yellowrectangle2.bmp,,.\BMP\yellowrectangle2.bmp,0,0,END,0,,,,,,,,,,,,,,,,,,,,,,,,,,,,,,,,,
CHA,119,158,0,0,0,0,0,65536,1,,5,.\BMP\yellowsquare1.bmp,,.\BMP\yellowsquare1.bmp,0,0,END,0,,,,,,,,,,,,,,,,,,,,,,,,,,,,,,,,,
CHA,233,158,0,0,0,0,0,65536,1,,5,.\BMP\yellowsquare2.bmp,,.\BMP\yellowsquare2.bmp,0,0,END,0,,,,,,,,,,,,,,,,,,,,,,,,,,,,,,,,,
CHA,463,93,0,0,0,0,0,65536,1,,5,.\BMP\grayrectangle1.bmp,,,0,0,END,0,,,,,,,,,,,,,,,,,,,,,,,,,,,,,,,,,
CHA,752,93,0,0,0,0,0,65536,1,,5,.\BMP\grayrectangle1.bmp,,,0,0,END,0,,,,,,,,,,,,,,,,,,,,,,,,,,,,,,,,,
CHA,84,294,0,0,0,0,0,65536,1,,5,.\BMP\greenrectangle.bmp,,,0,0,END,0,,,,,,,,,,,,,,,,,,,,,,,,,,,,,,,,,
CHA,84,374,0,0,0,0,0,65536,1,,5,.\BMP\bluerectangle1.bmp,,,0,0,END,0,,,,,,,,,,,,,,,,,,,,,,,,,,,,,,,,,
CHA,5,345,0,0,0,0,0,65536,1,,5,.\BMP\graysquare1.bmp,,,0,0,END,0,,,,,,,,,,,,,,,,,,,,,,,,,,,,,,,,,
CHA,1023,421,0,0,0,0,0,65536,1,,5,.\BMP\graysquare2.bmp,,,0,0,END,0,,,,,,,,,,,,,,,,,,,,,,,,,,,,,,,,,
CHA,1141,420,0,0,0,0,0,65536,1,,5,.\BMP\graysquare2.bmp,,,0,0,END,0,,,,,,,,,,,,,,,,,,,,,,,,,,,,,,,,,
CHA,1096,284,0,0,0,0,0,65536,1,,5,.\BMP\bluerectangle2.bmp,,,0,0,END,0,,,,,,,,,,,,,,,,,,,,,,,,,,,,,,,,,
CHA,1097,355,0,0,0,0,0,65536,1,,5,.\BMP\redrectangle.bmp,,,0,0,END,0,,,,,,,,,,,,,,,,,,,,,,,,,,,,,,,,,
CHA,215,290,0,0,0,0,0,65536,1,,5,.\BMP\valve1.bmp,,,0,0,END,0,,,,,,,,,,,,,,,,,,,,,,,,,,,,,,,,,
CHA,214,250,0,0,0,0,0,65536,1,,5,.\BMP\valve1.bmp,,,0,0,END,0,,,,,,,,,,,,,,,,,,,,,,,,,,,,,,,,,
CHA,144,340,0,0,0,0,0,65536,1,,5,.\BMP\valve1.bmp,,,0,0,END,0,,,,,,,,,,,,,,,,,,,,,,,,,,,,,,,,,
CHA,144,420,0,0,0,0,0,65536,1,,5,.\BMP\valve1.bmp,,,0,0,END,0,,,,,,,,,,,,,,,,,,,,,,,,,,,,,,,,,
CHA,36,426,0,0,0,0,0,65536,1,,5,.\BMP\bluecircle.bmp,,,0,0,END,0,,,,,,,,,,,,,,,,,,,,,,,,,,,,,,,,,
CHA,526,116,0,0,0,0,0,65536,1,,5,.\BMP\bluecircle.bmp,,,0,0,END,0,,,,,,,,,,,,,,,,,,,,,,,,,,,,,,,,,
CHA,815,115,0,0,0,0,0,65536,1,,5,.\BMP\bluecircle.bmp,,,0,0,END,0,,,,,,,,,,,,,,,,,,,,,,,,,,,,,,,,,
CHA,374,220,0,0,0,0,0,65536,1,,5,.\BMP\valve1.bmp,,,0,0,END,0,,,,,,,,,,,,,,,,,,,,,,,,,,,,,,,,,
CHA,979,300,0,0,0,0,0,65536,1,,5,.\BMP\valve1.bmp,,,0,0,END,0,,,,,,,,,,,,,,,,,,,,,,,,,,,,,,,,,
CHA,1144,349,0,0,0,0,0,65536,1,,5,.\BMP\valve1.bmp,,,0,0,END,0,,,,,,,,,,,,,,,,,,,,,,,,,,,,,,,,,
CHA,1144,280,0,0,0,0,0,65536,1,,5,.\BMP\valve1.bmp,,,0,0,END,0,,,,,,,,,,,,,,,,,,,,,,,,,,,,,,,,,
CHA,980,381,0,0,0,0,0,65536,1,,5,.\BMP\valve1.bmp,,,0,0,END,0,,,,,,,,,,,,,,,,,,,,,,,,,,,,,,,,,
CHA,979,339,0,0,0,0,0,65536,1,,5,.\BMP\valve1.bmp,,,0,0,END,0,,,,,,,,,,,,,,,,,,,,,,,,,,,,,,,,,
CHA,1053,286,0,0,0,0,0,65536,1,,5,.\BMP\bluecircle.bmp,,,0,0,END,0,,,,,,,,,,,,,,,,,,,,,,,,,,,,,,,,,
CHA,1054,455,0,0,0,0,0,65536,1,,5,.\BMP\bluecircle.bmp,,,0,0,END,0,,,,,,,,,,,,,,,,,,,,,,,,,,,,,,,,,
CHA,1172,454,0,0,0,0,0,65536,1,,5,.\BMP\bluecircle.bmp,,,0,0,END,0,,,,,,,,,,,,,,,,,,,,,,,,,,,,,,,,,
CHA,501,318,0,0,0,0,0,65536,1,,5,.\BMP\greensquare.bmp,,,0,0,END,0,,,,,,,,,,,,,,,,,,,,,,,,,,,,,,,,,
CHA,790,321,0,0,0,0,0,65536,1,,5,.\BMP\greensquare.bmp,,,0,0,END,0,,,,,,,,,,,,,,,,,,,,,,,,,,,,,,,,,
CHA,504,220,0,0,0,0,0,65536,1,,5,.\BMP\valve1.bmp,,,0,0,END,0,,,,,,,,,,,,,,,,,,,,,,,,,,,,,,,,,
CHA,400,308,0,0,0,0,0,65536,1,,5,.\BMP\valve2.bmp,,,0,0,END,0,,,,,,,,,,,,,,,,,,,,,,,,,,,,,,,,,
CHA,470,268,0,0,0,0,0,65536,1,,5,.\BMP\valve2.bmp,,,0,0,END,0,,,,,,,,,,,,,,,,,,,,,,,,,,,,,,,,,
CHA,724,220,0,0,0,0,0,65536,1,,5,.\BMP\valve3.bmp,,,0,0,END,0,,,,,,,,,,,,,,,,,,,,,,,,,,,,,,,,,
CHA,754,280,0,0,0,0,0,65536,1,,5,.\BMP\valve3.bmp,,,0,0,END,0,,,,,,,,,,,,,,,,,,,,,,,,,,,,,,,,,
CHA,426,416,0,0,0,0,0,65536,1,,5,.\BMP\bluecircle.bmp,,,0,0,END,0,,,,,,,,,,,,,,,,,,,,,,,,,,,,,,,,,
CHA,426,447,0,0,0,0,0,65536,1,,5,.\BMP\bluecircle.bmp,,,0,0,END,0,,,,,,,,,,,,,,,,,,,,,,,,,,,,,,,,,
CHA,594,417,0,0,0,0,0,65536,1,,5,.\BMP\bluecircle.bmp,,,0,0,END,0,,,,,,,,,,,,,,,,,,,,,,,,,,,,,,,,,
CHA,594,446,0,0,0,0,0,65536,1,,5,.\BMP\bluecircle.bmp,,,0,0,END,0,,,,,,,,,,,,,,,,,,,,,,,,,,,,,,,,,
CHA,672,462,0,0,0,0,0,65536,1,,5,.\BMP\bluecircle.bmp,,,0,0,END,0,,,,,,,,,,,,,,,,,,,,,,,,,,,,,,,,,
CHA,753,463,0,0,0,0,0,65536,1,,5,.\BMP\bluecircle.bmp,,,0,0,END,0,,,,,,,,,,,,,,,,,,,,,,,,,,,,,,,,,
CHA,836,457,0,0,0,0,0,65536,1,,5,.\BMP\bluecircle.bmp,,,0,0,END,0,,,,,,,,,,,,,,,,,,,,,,,,,,,,,,,,,
CHA,899,416,0,0,0,0,0,65536,1,,5,.\BMP\bluecircle.bmp,,,0,0,END,0,,,,,,,,,,,,,,,,,,,,,,,,,,,,,,,,,
CHA,1034,198,0,0,0,0,0,65536,1,,5,.\BMP\bluecircle.bmp,,,0,0,END,0,,,,,,,,,,,,,,,,,,,,,,,,,,,,,,,,,
CHA,1034,228,0,0,0,0,0,65536,1,,5,.\BMP\bluecircle.bmp,,,0,0,END,0,,,,,,,,,,,,,,,,,,,,,,,,,,,,,,,,,
CHA,1019,81,0,0,0,0,0,65536,1,,5,.\BMP\valve1.bmp,,,0,0,END,0,,,,,,,,,,,,,,,,,,,,,,,,,,,,,,,,,
CHA,990,130,0,0,0,0,0,65536,1,,5,.\BMP\valve2.bmp,,,0,0,END,0,,,,,,,,,,,,,,,,,,,,,,,,,,,,,,,,,
CHA,1187,178,0,0,0,0,0,65536,1,,5,.\BMP\bluecircle.bmp,,,0,0,END,0,,,,,,,,,,,,,,,,,,,,,,,,,,,,,,,,,
CHA,1052,49,0,0,0,0,0,65536,1,,5,.\BMP\yellowrectangle5.bmp,,,0,0,END,0,,,,,,,,,,,,,,,,,,,,,,,,,,,,,,,,,
LINE,855,42,0,2,65536,,5,906,67,12632256,16777215,1,6,1,1,0,0,0,END,0,,,,,,,,,,,,,,,,,,,,,,,,,,,,,,,
LINE,1003,34,0,2,65536,,5,1054,59,12632256,16777215,1,6,1,1,0,0,0,END,0,,,,,,,,,,,,,,,,,,,,,,,,,,,,,,,
LINE,1008,154,0,2,65536,,5,1059,179,12632256,16777215,1,6,1,1,0,0,0,END,0,,,,,,,,,,,,,,,,,,,,,,,,,,,,,,,
LINE,361,188,0,2,65536,,5,412,213,12632256,16777215,1,6,1,1,0,0,0,END,0,,,,,,,,,,,,,,,,,,,,,,,,,,,,,,,
LINE,489,188,0,2,65536,,5,540,213,12632256,16777215,1,6,1,1,0,0,0,END,0,,,,,,,,,,,,,,,,,,,,,,,,,,,,,,,
LINE,91,243,0,2,65536,,5,142,268,12632256,16777215,1,6,1,1,0,0,0,END,0,,,,,,,,,,,,,,,,,,,,,,,,,,,,,,,
LINE,30,278,0,2,65536,,5,68,299,12632256,16777215,1,6,1,1,0,0,0,END,0,,,,,,,,,,,,,,,,,,,,,,,,,,,,,,,
LINE,497,262,0,2,65536,,5,548,287,12632256,16777215,1,6,1,1,0,0,0,END,0,,,,,,,,,,,,,,,,,,,,,,,,,,,,,,,
LINE,410,335,0,2,65536,,5,461,360,12632256,16777215,1,6,1,1,0,0,0,END,0,,,,,,,,,,,,,,,,,,,,,,,,,,,,,,,
LINE,172,330,0,2,65536,,5,210,351,12632256,16777215,1,6,1,1,0,0,0,END,0,,,,,,,,,,,,,,,,,,,,,,,,,,,,,,,
LINE,179,409,0,2,65536,,5,217,430,12632256,16777215,1,6,1,1,0,0,0,END,0,,,,,,,,,,,,,,,,,,,,,,,,,,,,,,,
LINE,245,279,0,2,65536,,5,283,300,12632256,16777215,1,6,1,1,0,0,0,END,0,,,,,,,,,,,,,,,,,,,,,,,,,,,,,,,
LINE,293,279,0,2,65536,,5,331,300,12632256,16777215,1,6,1,1,0,0,0,END,0,,,,,,,,,,,,,,,,,,,,,,,,,,,,,,,
LINE,294,323,0,2,65536,,5,332,344,12632256,16777215,1,6,1,1,0,0,0,END,0,,,,,,,,,,,,,,,,,,,,,,,,,,,,,,,
LINE,246,323,0,2,65536,,5,284,344,12632256,16777215,1,6,1,1,0,0,0,END,0,,,,,,,,,,,,,,,,,,,,,,,,,,,,,,,
LINE,672,195,0,2,65536,,5,723,220,12632256,16777215,1,6,1,1,0,0,0,END,0,,,,,,,,,,,,,,,,,,,,,,,,,,,,,,,
LINE,674,251,0,2,65536,,5,725,276,12632256,16777215,1,6,1,1,0,0,0,END,0,,,,,,,,,,,,,,,,,,,,,,,,,,,,,,,
LINE,694,496,0,2,65536,,5,745,521,12632256,16777215,1,6,1,1,0,0,0,END,0,,,,,,,,,,,,,,,,,,,,,,,,,,,,,,,
LINE,837,513,0,2,65536,,5,888,538,12632256,16777215,1,6,1,1,0,0,0,END,0,,,,,,,,,,,,,,,,,,,,,,,,,,,,,,,
LINE,984,263,0,2,65536,,5,1035,288,12632256,16777215,1,6,1,1,0,0,0,END,0,,,,,,,,,,,,,,,,,,,,,,,,,,,,,,,
LINE,1180,268,0,2,65536,,5,1231,293,12632256,16777215,1,6,1,1,0,0,0,END,0,,,,,,,,,,,,,,,,,,,,,,,,,,,,,,,
LINE,1182,338,0,2,65536,,5,1233,363,12632256,16777215,1,6,1,1,0,0,0,END,0,,,,,,,,,,,,,,,,,,,,,,,,,,,,,,,
LINE,1505,786,0,2,65536,,5,1556,811,12632256,16777215,1,6,1,1,0,0,0,END,0,,,,,,,,,,,,,,,,,,,,,,,,,,,,,,,
LINE,394,485,0,2,65536,,5,445,510,12632256,16777215,1,6,1,1,0,0,0,END,0,,,,,,,,,,,,,,,,,,,,,,,,,,,,,,,
CHA,286,523,0,0,0,0,0,65536,1,,5,.\BMP\blacksquare.bmp,,,0,0,END,0,,,,,,,,,,,,,,,,,,,,,,,,,,,,,,,,,
CHA,741,608,0,0,0,0,0,65536,1,,5,.\BMP\blackrectangle.bmp,,,0,0,END,0,,,,,,,,,,,,,,,,,,,,,,,,,,,,,,,,,
CHA,1012,610,0,0,0,0,0,65536,1,,5,.\BMP\blackrectangle.bmp,,,0,0,END,0,,,,,,,,,,,,,,,,,,,,,,,,,,,,,,,,,
CHA,1088,641,0,0,0,0,0,65536,1,,5,.\BMP\bluecircle.bmp,,,0,0,END,0,,,,,,,,,,,,,,,,,,,,,,,,,,,,,,,,,
CHA,817,639,0,0,0,0,0,65536,1,,5,.\BMP\bluecircle.bmp,,,0,0,END,0,,,,,,,,,,,,,,,,,,,,,,,,,,,,,,,,,
CHA,985,690,0,0,0,0,0,65536,1,,5,.\BMP\valve4.bmp,,,0,0,END,0,,,,,,,,,,,,,,,,,,,,,,,,,,,,,,,,,
CHA,714,688,0,0,0,0,0,65536,1,,5,.\BMP\valve4.bmp,,,0,0,END,0,,,,,,,,,,,,,,,,,,,,,,,,,,,,,,,,,
CHA,456,580,0,0,0,0,0,65536,1,,5,.\BMP\bluecircle.bmp,,,0,0,END,0,,,,,,,,,,,,,,,,,,,,,,,,,,,,,,,,,
CHA,606,659,0,0,0,0,0,65536,1,,5,.\BMP\bluecircle.bmp,,,0,0,END,0,,,,,,,,,,,,,,,,,,,,,,,,,,,,,,,,,
LINE,492,752,0,2,65536,,5,543,777,12632256,16777215,1,6,1,1,0,0,0,END,0,,,,,,,,,,,,,,,,,,,,,,,,,,,,,,,
LINE,568,751,0,2,65536,,5,619,776,12632256,16777215,1,6,1,1,0,0,0,END,0,,,,,,,,,,,,,,,,,,,,,,,,,,,,,,,
LINE,492,779,0,2,65536,,5,543,804,12632256,16777215,1,6,1,1,0,0,0,END,0,,,,,,,,,,,,,,,,,,,,,,,,,,,,,,,
LINE,1275,963,0,2,65536,,5,1326,988,12632256,16777215,1,6,1,1,0,0,0,END,0,,,,,,,,,,,,,,,,,,,,,,,,,,,,,,,
LINE,1275,963,0,2,65536,,5,1326,988,12632256,16777215,1,6,1,1,0,0,0,END,0,,,,,,,,,,,,,,,,,,,,,,,,,,,,,,,
LINE,568,778,0,2,65536,,5,619,803,12632256,16777215,1,6,1,1,0,0,0,END,0,,,,,,,,,,,,,,,,,,,,,,,,,,,,,,,
LINE,763,740,0,2,65536,,5,814,765,12632256,16777215,1,6,1,1,0,0,0,END,0,,,,,,,,,,,,,,,,,,,,,,,,,,,,,,,
LINE,763,776,0,2,65536,,5,814,801,12632256,16777215,1,6,1,1,0,0,0,END,0,,,,,,,,,,,,,,,,,,,,,,,,,,,,,,,
LINE,840,742,0,2,65536,,5,891,767,12632256,16777215,1,6,1,1,0,0,0,END,0,,,,,,,,,,,,,,,,,,,,,,,,,,,,,,,
LINE,839,776,0,2,65536,,5,890,801,12632256,16777215,1,6,1,1,0,0,0,END,0,,,,,,,,,,,,,,,,,,,,,,,,,,,,,,,
LINE,1068,790,0,2,65536,,5,1119,815,12632256,16777215,1,6,1,1,0,0,0,END,0,,,,,,,,,,,,,,,,,,,,,,,,,,,,,,,
LINE,1065,738,0,2,65536,,5,1116,763,12632256,16777215,1,6,1,1,0,0,0,END,0,,,,,,,,,,,,,,,,,,,,,,,,,,,,,,,
LINE,680,729,0,2,65536,,5,728,754,12632256,16777215,1,6,1,1,0,0,0,END,0,,,,,,,,,,,,,,,,,,,,,,,,,,,,,,,
LINE,938,734,0,2,65536,,5,989,759,12632256,16777215,1,6,1,1,0,0,0,END,0,,,,,,,,,,,,,,,,,,,,,,,,,,,,,,,
LINE,4,474,0,0,65536,,5,276,675,16777215,8454143,1,0,1,0,0,0,0,END,0,,,,,,,,,,,,,,,,,,,,,,,,,,,,,,,
CHA,1109,16,0,0,0,0,0,65536,1,,5,.\BMP\yellowsquare2.bmp,,,0,0,END,0,,,,,,,,,,,,,,,,,,,,,,,,,,,,,,,,,
CHA,1119,20,0,0,0,0,0,65536,1,,5,.\BMP\bluecircle.bmp,,,0,0,END,0,,,,,,,,,,,,,,,,,,,,,,,,,,,,,,,,,
LINE,435,847,0,2,65536,,5,486,872,12632256,16777215,1,6,1,1,0,0,0,END,0,,,,,,,,,,,,,,,,,,,,,,,,,,,,,,,
LINE,491,847,0,2,65536,,5,542,872,12632256,16777215,1,6,1,1,0,0,0,END,0,,,,,,,,,,,,,,,,,,,,,,,,,,,,,,,
LINE,491,878,0,2,65536,,5,542,903,12632256,16777215,1,6,1,1,0,0,0,END,0,,,,,,,,,,,,,,,,,,,,,,,,,,,,,,,
LINE,435,878,0,2,65536,,5,486,903,12632256,16777215,1,6,1,1,0,0,0,END,0,,,,,,,,,,,,,,,,,,,,,,,,,,,,,,,
LINE,1131,83,0,0,65536,,5,1131,49,16777215,16777215,4,0,0,0,0,0,0,END,0,,,,,,,,,,,,,,,,,,,,,,,,,,,,,,,
STR,435,219,0,0,65536,,5,16777215,16777215,1,%,Reserved1,,Reserved2,Reserved3,,-19,0,0,0,400,0,0,0,0,3,2,1,34,Tahoma,0,16777215,16777215,0,Unit,20,0,0,0,0,0,0,0,0,0,0,0,0,Courier New,END,0
STR,563,218,0,0,65536,,5,16777215,16777215,1,%,Reserved1,,Reserved2,Reserved3,,-19,0,0,0,400,0,0,0,0,3,2,1,34,Tahoma,0,16777215,16777215,0,Unit,20,0,0,0,0,0,0,0,0,0,0,0,0,Courier New,END,0
STR,61,266,0,0,65536,,5,16777215,16777215,1,100%,Reserved1,,Reserved2,Reserved3,,-16,0,0,0,400,0,0,0,0,3,2,1,34,Tahoma,0,16777215,16777215,0,Unit,20,0,0,0,0,0,0,0,0,0,0,0,0,Courier New,END,0
STR,159,262,0,0,65536,,5,16777215,16777215,1,%,Reserved1,,Reserved2,Reserved3,,-16,0,0,0,400,0,0,0,0,3,2,1,34,Tahoma,0,16777215,16777215,0,Unit,20,0,0,0,0,0,0,0,0,0,0,0,0,Courier New,END,0
STR,116,296,0,0,65536,,5,16777215,16777215,1,0%,Reserved1,,Reserved2,Reserved3,,-16,0,0,0,400,0,0,0,0,3,2,1,34,Tahoma,0,16777215,16777215,0,Unit,20,0,0,0,0,0,0,0,0,0,0,0,0,Courier New,END,0
STR,68,324,0,0,65536,,5,16777215,16777215,1,∞C,Reserved1,,Reserved2,Reserved3,,-16,0,0,0,400,0,0,0,0,3,2,1,34,Tahoma,0,16777215,16777215,0,Unit,20,0,0,0,0,0,0,0,0,0,0,0,0,Courier New,END,0
STR,229,356,0,0,65536,,5,16777215,16777215,1,%,Reserved1,,Reserved2,Reserved3,,-16,0,0,0,400,0,0,0,0,3,2,1,34,Tahoma,0,16777215,16777215,0,Unit,20,0,0,0,0,0,0,0,0,0,0,0,0,Courier New,END,0
STR,238,436,0,0,65536,,5,16777215,16777215,1,%,Reserved1,,Reserved2,Reserved3,,-16,0,0,0,400,0,0,0,0,3,2,1,34,Tahoma,0,16777215,16777215,0,Unit,20,0,0,0,0,0,0,0,0,0,0,0,0,Courier New,END,0
STR,286,321,0,0,65536,,5,16777215,16777215,1,%,Reserved1,,Reserved2,Reserved3,,-16,0,0,0,400,0,0,0,0,3,2,1,34,Tahoma,0,16777215,16777215,0,Unit,20,0,0,0,0,0,0,0,0,0,0,0,0,Courier New,END,0
STR,341,320,0,0,65536,,5,16777215,16777215,1,L/min,Reserved1,,Reserved2,Reserved3,,-16,0,0,0,400,0,0,0,0,3,2,1,34,Tahoma,0,16777215,16777215,0,Unit,20,0,0,0,0,0,0,0,0,0,0,0,0,Courier New,END,0
STR,286,365,0,0,65536,,5,16777215,16777215,1,%,Reserved1,,Reserved2,Reserved3,,-16,0,0,0,400,0,0,0,0,3,2,1,34,Tahoma,0,16777215,16777215,0,Unit,20,0,0,0,0,0,0,0,0,0,0,0,0,Courier New,END,0
STR,340,365,0,0,65536,,5,16777215,16777215,1,L/min,Reserved1,,Reserved2,Reserved3,,-16,0,0,0,400,0,0,0,0,3,2,1,34,Tahoma,0,16777215,16777215,0,Unit,20,0,0,0,0,0,0,0,0,0,0,0,0,Courier New,END,0
STR,471,512,0,0,65536,,5,16777215,16777215,1,∞C,Reserved1,,Reserved2,Reserved3,,-16,0,0,0,400,0,0,0,0,3,2,1,34,Tahoma,0,16777215,16777215,0,Unit,20,0,0,0,0,0,0,0,0,0,0,0,0,Courier New,END,0
STR,465,382,0,0,65536,,5,16777215,16777215,1,%,Reserved1,,Reserved2,Reserved3,,-19,0,0,0,400,0,0,0,0,3,2,1,34,Tahoma,0,16777215,16777215,0,Unit,20,0,0,0,0,0,0,0,0,0,0,0,0,Courier New,END,0
STR,557,309,0,0,65536,,5,16777215,16777215,1,%,Reserved1,,Reserved2,Reserved3,,-19,0,0,0,400,0,0,0,0,3,2,1,34,Tahoma,0,16777215,16777215,0,Unit,20,0,0,0,0,0,0,0,0,0,0,0,0,Courier New,END,0
STR,590,796,0,0,65536,,5,16777215,16777215,1,∞C,Reserved1,,Reserved2,Reserved3,,-16,0,0,0,400,0,0,0,0,3,2,1,34,Tahoma,0,16777215,16777215,0,Unit,20,0,0,0,0,0,0,0,0,0,0,0,0,Courier New,END,0
STR,563,781,0,0,65536,,5,16777215,16777215,1,∞C,Reserved1,,Reserved2,Reserved3,,-16,0,0,0,400,0,0,0,0,3,2,1,34,Tahoma,0,16777215,16777215,0,Unit,20,0,0,0,0,0,0,0,0,0,0,0,0,Courier New,END,0
STR,563,811,0,0,65536,,5,16777215,16777215,1,∞C,Reserved1,,Reserved2,Reserved3,,-16,0,0,0,400,0,0,0,0,3,2,1,34,Tahoma,0,16777215,16777215,0,Unit,20,0,0,0,0,0,0,0,0,0,0,0,0,Courier New,END,0
STR,661,780,0,0,65536,,5,16777215,16777215,1,km/h,Reserved1,,Reserved2,Reserved3,,-16,0,0,0,400,0,0,0,0,3,2,1,34,Tahoma,0,16777215,16777215,0,Unit,20,0,0,0,0,0,0,0,0,0,0,0,0,Courier New,END,0
STR,662,811,0,0,65536,,5,16777215,16777215,1,km/h,Reserved1,,Reserved2,Reserved3,,-16,0,0,0,400,0,0,0,0,3,2,1,34,Tahoma,0,16777215,16777215,0,Unit,20,0,0,0,0,0,0,0,0,0,0,0,0,Courier New,END,0
STR,745,761,0,0,65536,,5,16777215,16777215,1,%,Reserved1,,Reserved2,Reserved3,,-16,0,0,0,400,0,0,0,0,3,2,1,34,Tahoma,0,16777215,16777215,0,Unit,20,0,0,0,0,0,0,0,0,0,0,0,0,Courier New,END,0
STR,719,664,0,0,65536,,5,16777215,16777215,1,0%,Reserved1,,Reserved2,Reserved3,,-16,0,0,0,400,0,0,0,0,3,2,1,34,Tahoma,0,16777215,16777215,0,Unit,20,0,0,0,0,0,0,0,0,0,0,0,0,Courier New,END,0
STR,807,720,0,0,65536,,5,16777215,16777215,1,100%,Reserved1,,Reserved2,Reserved3,,-16,0,0,0,400,0,0,0,0,3,2,1,34,Tahoma,0,16777215,16777215,0,Unit,20,0,0,0,0,0,0,0,0,0,0,0,0,Courier New,END,0
STR,834,769,0,0,65536,,5,16777215,16777215,1,∞C,Reserved1,,Reserved2,Reserved3,,-16,0,0,0,400,0,0,0,0,3,2,1,34,Tahoma,0,16777215,16777215,0,Unit,20,0,0,0,0,0,0,0,0,0,0,0,0,Courier New,END,0
STR,834,807,0,0,65536,,5,16777215,16777215,1,∞C,Reserved1,,Reserved2,Reserved3,,-16,0,0,0,400,0,0,0,0,3,2,1,34,Tahoma,0,16777215,16777215,0,Unit,20,0,0,0,0,0,0,0,0,0,0,0,0,Courier New,END,0
STR,909,772,0,0,65536,,5,16777215,16777215,1,%,Reserved1,,Reserved2,Reserved3,,-16,0,0,0,400,0,0,0,0,3,2,1,34,Tahoma,0,16777215,16777215,0,Unit,20,0,0,0,0,0,0,0,0,0,0,0,0,Courier New,END,0
STR,909,808,0,0,65536,,5,16777215,16777215,1,%,Reserved1,,Reserved2,Reserved3,,-16,0,0,0,400,0,0,0,0,3,2,1,34,Tahoma,0,16777215,16777215,0,Unit,20,0,0,0,0,0,0,0,0,0,0,0,0,Courier New,END,0
STR,1012,768,0,0,65536,,5,16777215,16777215,1,%,Reserved1,,Reserved2,Reserved3,,-16,0,0,0,400,0,0,0,0,3,2,1,34,Tahoma,0,16777215,16777215,0,Unit,20,0,0,0,0,0,0,0,0,0,0,0,0,Courier New,END,0
STR,1136,764,0,0,65536,,5,16777215,16777215,1,∞C,Reserved1,,Reserved2,Reserved3,,-16,0,0,0,400,0,0,0,0,3,2,1,34,Tahoma,0,16777215,16777215,0,Unit,20,0,0,0,0,0,0,0,0,0,0,0,0,Courier New,END,0
STR,1140,814,0,0,65536,,5,16777215,16777215,1,∞C,Reserved1,,Reserved2,Reserved3,,-16,0,0,0,400,0,0,0,0,3,2,1,34,Tahoma,0,16777215,16777215,0,Unit,20,0,0,0,0,0,0,0,0,0,0,0,0,Courier New,END,0
STR,987,654,0,0,65536,,5,16777215,16777215,1,0%,Reserved1,,Reserved2,Reserved3,,-16,0,0,0,400,0,0,0,0,3,2,1,34,Tahoma,0,16777215,16777215,0,Unit,20,0,0,0,0,0,0,0,0,0,0,0,0,Courier New,END,0
STR,766,528,0,0,65536,,5,16777215,16777215,1,∞C,Reserved1,,Reserved2,Reserved3,,-16,0,0,0,400,0,0,0,0,3,2,1,34,Tahoma,0,16777215,16777215,0,Unit,20,0,0,0,0,0,0,0,0,0,0,0,0,Courier New,END,0
STR,910,544,0,0,65536,,5,16777215,16777215,1,∞C,Reserved1,,Reserved2,Reserved3,,-16,0,0,0,400,0,0,0,0,3,2,1,34,Tahoma,0,16777215,16777215,0,Unit,20,0,0,0,0,0,0,0,0,0,0,0,0,Courier New,END,0
STR,1017,314,0,0,65536,,5,16777215,16777215,1,P,Reserved1,,Reserved2,Reserved3,,-16,0,0,0,400,0,0,0,0,3,2,1,34,Tahoma,0,16777215,16777215,0,Unit,20,0,0,0,0,0,0,0,0,0,0,0,0,Courier New,END,0
STR,1014,350,0,0,65536,,5,16777215,16777215,1,T,Reserved1,,Reserved2,Reserved3,,-16,0,0,0,400,0,0,0,0,3,2,1,34,Tahoma,0,16777215,16777215,0,Unit,20,0,0,0,0,0,0,0,0,0,0,0,0,Courier New,END,0
STR,1014,390,0,0,65536,,5,16777215,16777215,1,C,Reserved1,,Reserved2,Reserved3,,-16,0,0,0,400,0,0,0,0,3,2,1,34,Tahoma,0,16777215,16777215,0,Unit,20,0,0,0,0,0,0,0,0,0,0,0,0,Courier New,END,0
STR,1054,292,0,0,65536,,5,16777215,16777215,1,∞C,Reserved1,,Reserved2,Reserved3,,-16,0,0,0,400,0,0,0,0,3,2,1,34,Tahoma,0,16777215,16777215,0,Unit,20,0,0,0,0,0,0,0,0,0,0,0,0,Courier New,END,0
STR,1253,300,0,0,65536,,5,16777215,16777215,1,%,Reserved1,,Reserved2,Reserved3,,-19,0,0,0,400,0,0,0,0,3,2,1,34,Tahoma,0,16777215,16777215,0,Unit,20,0,0,0,0,0,0,0,0,0,0,0,0,Courier New,END,0
STR,1254,369,0,0,65536,,5,16777215,16777215,1,%,Reserved1,,Reserved2,Reserved3,,-19,0,0,0,400,0,0,0,0,3,2,1,34,Tahoma,0,16777215,16777215,0,Unit,20,0,0,0,0,0,0,0,0,0,0,0,0,Courier New,END,0
STR,1082,186,0,0,65536,,5,16777215,16777215,1,%,Reserved1,,Reserved2,Reserved3,,-19,0,0,0,400,0,0,0,0,3,2,1,34,Tahoma,0,16777215,16777215,0,Unit,20,0,0,0,0,0,0,0,0,0,0,0,0,Courier New,END,0
STR,1055,83,0,0,65536,,5,16777215,16777215,1,%,Reserved1,,Reserved2,Reserved3,,-19,0,0,0,400,0,0,0,0,3,2,1,34,Tahoma,0,16777215,16777215,0,Unit,20,0,0,0,0,0,0,0,0,0,0,0,0,Courier New,END,0
STR,926,70,0,0,65536,,5,16777215,16777215,1,∞C,Reserved1,,Reserved2,Reserved3,,-16,0,0,0,400,0,0,0,0,3,2,1,34,Tahoma,0,16777215,16777215,0,Unit,20,0,0,0,0,0,0,0,0,0,0,0,0,Courier New,END,0
STR,811,326,0,0,65536,,5,16777215,16777215,1,100%,Reserved1,,Reserved2,Reserved3,,-16,0,0,0,400,0,0,0,0,3,2,1,34,Tahoma,0,16777215,16777215,0,Unit,20,0,0,0,0,0,0,0,0,0,0,0,0,Courier New,END,0
STR,828,288,0,0,65536,,5,16777215,16777215,1,0%,Reserved1,,Reserved2,Reserved3,,-16,0,0,0,400,0,0,0,0,3,2,1,34,Tahoma,0,16777215,16777215,0,Unit,20,0,0,0,0,0,0,0,0,0,0,0,0,Courier New,END,0
STR,781,273,0,0,65536,,5,16777215,16777215,1,100%,Reserved1,,Reserved2,Reserved3,,-16,0,0,0,400,0,0,0,0,3,2,1,34,Tahoma,0,16777215,16777215,0,Unit,20,0,0,0,0,0,0,0,0,0,0,0,0,Courier New,END,0
STR,781,229,0,0,65536,,5,16777215,16777215,1,0%,Reserved1,,Reserved2,Reserved3,,-16,0,0,0,400,0,0,0,0,3,2,1,34,Tahoma,0,16777215,16777215,0,Unit,20,0,0,0,0,0,0,0,0,0,0,0,0,Courier New,END,0
STR,721,239,0,0,65536,,5,16777215,16777215,1,%,Reserved1,,Reserved2,Reserved3,,-16,0,0,0,400,0,0,0,0,3,2,1,34,Tahoma,0,16777215,16777215,0,Unit,20,0,0,0,0,0,0,0,0,0,0,0,0,Courier New,END,0
STR,720,299,0,0,65536,,5,16777215,16777215,1,%,Reserved1,,Reserved2,Reserved3,,-16,0,0,0,400,0,0,0,0,3,2,1,34,Tahoma,0,16777215,16777215,0,Unit,20,0,0,0,0,0,0,0,0,0,0,0,0,Courier New,END,0
CHA,15,94,0,0,0,0,0,65536,1,,5,.\BMP\yellowrectangle1.bmp,,.\BMP\yellowrectangle1.bmp,0,0,END,0,,,,,,,,,,,,,,,,,,,,,,,,,,,,,,,,,
CHA,19,112,0,0,0,0,0,65536,1,,5,.\BMP\bluecircle.bmp,,,0,0,END,0,,,,,,,,,,,,,,,,,,,,,,,,,,,,,,,,,
CHA,274,97,0,0,0,0,0,65536,1,,5,.\BMP\yellowsquare4.bmp,,.\BMP\yellowsquare4.bmp,0,0,END,0,,,,,,,,,,,,,,,,,,,,,,,,,,,,,,,,,
CHA,283,111,0,0,0,0,0,65536,1,,5,.\BMP\bluecircle.bmp,,,0,0,END,0,,,,,,,,,,,,,,,,,,,,,,,,,,,,,,,,,
CHA,204,94,0,0,0,0,0,65536,1,,5,.\BMP\yellowrectangle1.bmp,,.\BMP\yellowrectangle1.bmp,0,0,END,0,,,,,,,,,,,,,,,,,,,,,,,,,,,,,,,,,
CHA,64,250,0,0,0,0,0,65536,1,,5,.\BMP\valve3.bmp,,,0,0,END,0,,,,,,,,,,,,,,,,,,,,,,,,,,,,,,,,,
STR,110,34,0,0,65536,,5,16777215,16777215,1,åvëïãÛãCåπ,Reserved1,,Reserved2,Reserved3,,20,0,0,0,0,0,0,0,128,0,0,0,0,ÇlÇr ñæí©,0,16777215,16777215,0,íPà ,20,0,0,0,0,0,0,0,128,0,0,0,0,ÇlÇr ñæí©,END,0
STR,261,33,0,0,65536,,5,16777215,16777215,1,èˆãCåπ,Reserved1,,Reserved2,Reserved3,,20,0,0,0,0,0,0,0,128,0,0,0,0,ÇlÇr ñæí©,0,16777215,16777215,0,íPà ,20,0,0,0,0,0,0,0,128,0,0,0,0,ÇlÇr ñæí©,END,0
STR,128,237,0,0,65536,,5,16777215,16777215,1,â∑êÖãüããëïíu,Reserved1,,Reserved2,Reserved3,,20,0,0,0,0,0,0,0,128,0,0,0,0,ÇlÇr ñæí©,0,16777215,16777215,0,íPà ,20,0,0,0,0,0,0,0,128,0,0,0,0,ÇlÇr ñæí©,END,0
STR,566,95,0,0,65536,,5,16777215,16777215,1,NoÇQó‚ìÄã@,Reserved1,,Reserved2,Reserved3,,20,0,0,0,0,0,0,0,128,0,0,0,0,ÇlÇr ñæí©,0,16777215,16777215,0,íPà ,20,0,0,0,0,0,0,0,128,0,0,0,0,ÇlÇr ñæí©,END,0
STR,896,95,0,0,65536,,5,16777215,16777215,1,NoÇPÅDÇRó‚ìÄã@,Reserved1,,Reserved2,Reserved3,,20,0,0,0,0,0,0,0,128,0,0,0,0,ÇlÇr ñæí©,0,16777215,16777215,0,íPà ,20,0,0,0,0,0,0,0,128,0,0,0,0,ÇlÇr ñæí©,END,0
STR,459,414,0,0,65536,,5,16777215,16777215,1,ÇQéü,Reserved1,,Reserved2,Reserved3,,20,0,0,0,0,0,0,0,128,0,0,0,0,ÇlÇr ñæí©,0,16777215,16777215,0,íPà ,20,0,0,0,0,0,0,0,128,0,0,0,0,ÇlÇr ñæí©,END,0
STR,630,415,0,0,65536,,5,16777215,16777215,1,ÇPéü,Reserved1,,Reserved2,Reserved3,,20,0,0,0,0,0,0,0,128,0,0,0,0,ÇlÇr ñæí©,0,16777215,16777215,0,íPà ,20,0,0,0,0,0,0,0,128,0,0,0,0,ÇlÇr ñæí©,END,0
STR,790,425,0,0,65536,,5,16777215,16777215,1,ÇQéü,Reserved1,,Reserved2,Reserved3,,20,0,0,0,0,0,0,0,128,0,0,0,0,ÇlÇr ñæí©,0,16777215,16777215,0,íPà ,20,0,0,0,0,0,0,0,128,0,0,0,0,ÇlÇr ñæí©,END,0
STR,929,411,0,0,65536,,5,16777215,16777215,1,ÇPéü,Reserved1,,Reserved2,Reserved3,,20,0,0,0,0,0,0,0,128,0,0,0,0,ÇlÇr ñæí©,0,16777215,16777215,0,íPà ,20,0,0,0,0,0,0,0,128,0,0,0,0,ÇlÇr ñæí©,END,0
STR,1222,52,0,0,65536,,5,16777215,16777215,1,ó‚ãpìÉ,Reserved1,,Reserved2,Reserved3,,20,0,0,0,0,0,0,0,128,0,0,0,0,ÇlÇr ñæí©,0,16777215,16777215,0,íPà ,20,0,0,0,0,0,0,0,128,0,0,0,0,ÇlÇr ñæí©,END,0
STR,1264,258,0,0,65536,,5,16777215,16777215,1,ÉçÅ[ÉhÉqÅ[ÉeÉBÉìÉO,Reserved1,,Reserved2,Reserved3,,20,0,0,0,0,0,0,0,128,0,0,0,0,ÇlÇr ñæí©,0,16777215,16777215,0,íPà ,20,0,0,0,0,0,0,0,128,0,0,0,0,ÇlÇr ñæí©,END,0
STR,1147,327,0,0,65536,,5,16777215,16777215,1,êÖ,Reserved1,,Reserved2,Reserved3,,20,0,0,0,0,0,0,0,128,0,0,0,0,ÇlÇr ñæí©,0,16777215,16777215,0,íPà ,20,0,0,0,0,0,0,0,128,0,0,0,0,ÇlÇr ñæí©,END,0
STR,1206,396,0,0,65536,,5,16777215,16777215,1,ÉXÉ`Å[ÉÄ,Reserved1,,Reserved2,Reserved3,,20,0,0,0,0,0,0,0,128,0,0,0,0,ÇlÇr ñæí©,0,16777215,16777215,0,íPà ,20,0,0,0,0,0,0,0,128,0,0,0,0,ÇlÇr ñæí©,END,0
STR,107,502,0,0,65536,,5,16777215,16777215,1,É^ÉCÉ}â^ì],Reserved1,,Reserved2,Reserved3,,20,0,0,0,0,0,0,0,128,0,0,0,0,ÇlÇr ñæí©,0,16777215,16777215,0,íPà ,20,0,0,0,0,0,0,0,128,0,0,0,0,ÇlÇr ñæí©,END,0
LINE,5,682,0,0,65536,,5,222,857,16777215,8454143,1,0,1,0,0,0,0,END,0,,,,,,,,,,,,,,,,,,,,,,,,,,,,,,,
LINE,16,718,0,1,65536,,5,212,756,16777215,12632256,1,5,1,1,0,0,0,END,0,,,,,,,,,,,,,,,,,,,,,,,,,,,,,,,
LINE,16,762,0,1,65536,,5,212,800,16777215,12632256,1,5,1,1,0,0,0,END,0,,,,,,,,,,,,,,,,,,,,,,,,,,,,,,,
LINE,16,807,0,1,65536,,5,211,846,16777215,12632256,1,5,1,1,0,0,0,END,0,,,,,,,,,,,,,,,,,,,,,,,,,,,,,,,
STR,132,710,0,0,65536,,5,16777215,16777215,1,ëÄçÏèÛë‘ï\é¶,Reserved1,,Reserved2,Reserved3,,20,0,0,0,0,0,0,0,128,0,0,0,0,ÇlÇr ñæí©,0,16777215,16777215,0,íPà ,20,0,0,0,0,0,0,0,128,0,0,0,0,ÇlÇr ñæí©,END,0
STR,160,748,0,0,65536,,5,16777215,16777215,1,àŸèÌî≠ê∂íÜ,Reserved1,,Reserved2,Reserved3,,20,0,0,0,0,0,0,0,128,0,0,0,0,ÇlÇr ñæí©,0,16777215,16777215,0,íPà ,20,0,0,0,0,0,0,0,128,0,0,0,0,ÇlÇr ñæí©,END,0
STR,162,789,0,0,65536,,5,16777215,16777215,1,PCëÄçÏâ¬î\,Reserved1,,Reserved2,Reserved3,,20,0,0,0,0,0,0,0,128,0,0,0,0,ÇlÇr ñæí©,0,16777215,16777215,0,íPà ,20,0,0,0,0,0,0,0,128,0,0,0,0,ÇlÇr ñæí©,END,0
STR,174,836,0,0,65536,,5,16777215,16777215,1,â^ì]èÄîıì¸ÇË,Reserved1,,Reserved2,Reserved3,,20,0,0,0,0,0,0,0,128,0,0,0,0,ÇlÇr ñæí©,0,16777215,16777215,0,íPà ,20,0,0,0,0,0,0,0,128,0,0,0,0,ÇlÇr ñæí©,END,0
STR,488,777,0,0,65536,,5,16777215,16777215,1,ê›íËíl,Reserved1,,Reserved2,Reserved3,,20,0,0,0,0,0,0,0,128,0,0,0,0,ÇlÇr ñæí©,0,16777215,16777215,0,íPà ,20,0,0,0,0,0,0,0,128,0,0,0,0,ÇlÇr ñæí©,END,0
STR,488,803,0,0,65536,,5,16777215,16777215,1,ë™íËíl,Reserved1,,Reserved2,Reserved3,,20,0,0,0,0,0,0,0,128,0,0,0,0,ÇlÇr ñæí©,0,16777215,16777215,0,íPà ,20,0,0,0,0,0,0,0,128,0,0,0,0,ÇlÇr ñæí©,END,0
STR,811,741,0,0,65536,,5,16777215,16777215,1,ê›íËíl,Reserved1,,Reserved2,Reserved3,,20,0,0,0,0,0,0,0,128,0,0,0,0,ÇlÇr ñæí©,0,16777215,16777215,0,íPà ,20,0,0,0,0,0,0,0,128,0,0,0,0,ÇlÇr ñæí©,END,0
STR,762,798,0,0,65536,,5,16777215,16777215,1,ë™íËíl,Reserved1,,Reserved2,Reserved3,,20,0,0,0,0,0,0,0,128,0,0,0,0,ÇlÇr ñæí©,0,16777215,16777215,0,íPà ,20,0,0,0,0,0,0,0,128,0,0,0,0,ÇlÇr ñæí©,END,0
STR,1100,736,0,0,65536,,5,16777215,16777215,1,ê›íËíl,Reserved1,,Reserved2,Reserved3,,20,0,0,0,0,0,0,0,128,0,0,0,0,ÇlÇr ñæí©,0,16777215,16777215,0,íPà ,20,0,0,0,0,0,0,0,128,0,0,0,0,ÇlÇr ñæí©,END,0
STR,1101,788,0,0,65536,,5,16777215,16777215,1,ë™íËíl,Reserved1,,Reserved2,Reserved3,,20,0,0,0,0,0,0,0,128,0,0,0,0,ÇlÇr ñæí©,0,16777215,16777215,0,íPà ,20,0,0,0,0,0,0,0,128,0,0,0,0,ÇlÇr ñæí©,END,0
STR,1119,539,0,0,65536,,5,16777215,16777215,1,êVëNèúéºäÌ,Reserved1,,Reserved2,Reserved3,,20,0,0,0,0,0,0,0,128,0,0,0,0,ÇlÇr ñæí©,0,16777215,16777215,0,íPà ,20,0,0,0,0,0,0,0,128,0,0,0,0,ÇlÇr ñæí©,END,0
STR,1265,538,0,0,65536,,5,16777215,16777215,1,òHñ îrêÖÉ|ÉìÉv,Reserved1,,Reserved2,Reserved3,,20,0,0,0,0,0,0,0,128,0,0,0,0,ÇlÇr ñæí©,0,16777215,16777215,0,íPà ,20,0,0,0,0,0,0,0,128,0,0,0,0,ÇlÇr ñæí©,END,0
LINE,7,866,0,1,65536,,5,157,908,16777215,12632256,1,5,1,1,0,0,0,END,0,,,,,,,,,,,,,,,,,,,,,,,,,,,,,,,
LINE,159,866,0,1,65536,,5,222,907,16777215,12632256,1,5,1,1,0,0,0,END,0,,,,,,,,,,,,,,,,,,,,,,,,,,,,,,,
LINE,224,866,0,1,65536,,5,317,906,16777215,12632256,1,5,1,1,0,0,0,END,0,,,,,,,,,,,,,,,,,,,,,,,,,,,,,,,
LINE,596,867,0,1,65536,,5,729,906,16777215,12632256,1,5,1,1,0,0,0,END,0,,,,,,,,,,,,,,,,,,,,,,,,,,,,,,,
LINE,731,867,0,1,65536,,5,864,906,16777215,12632256,1,5,1,1,0,0,0,END,0,,,,,,,,,,,,,,,,,,,,,,,,,,,,,,,
LINE,866,867,0,1,65536,,5,999,906,16777215,12632256,1,5,1,1,0,0,0,END,0,,,,,,,,,,,,,,,,,,,,,,,,,,,,,,,
LINE,1001,867,0,1,65536,,5,1134,906,16777215,12632256,1,5,1,1,0,0,0,END,0,,,,,,,,,,,,,,,,,,,,,,,,,,,,,,,
LINE,1136,867,0,1,65536,,5,1269,906,16777215,12632256,1,5,1,1,0,0,0,END,0,,,,,,,,,,,,,,,,,,,,,,,,,,,,,,,
STR,150,899,0,0,65536,,5,16777215,16777215,1,"îMåπÅEÇmo 1, 3",Reserved1,,Reserved2,Reserved3,,20,0,0,0,0,0,0,0,128,0,0,0,0,ÇlÇr ñæí©,0,16777215,16777215,0,íPà ,20,0,0,0,0,0,0,0,128,0,0,0,0,ÇlÇr ñæí©,END,0
STR,210,898,0,0,65536,,5,16777215,16777215,1,No 2,Reserved1,,Reserved2,Reserved3,,20,0,0,0,0,0,0,0,128,0,0,0,0,ÇlÇr ñæí©,0,16777215,16777215,0,íPà ,20,0,0,0,0,0,0,0,128,0,0,0,0,ÇlÇr ñæí©,END,0
STR,303,896,0,0,65536,,5,16777215,16777215,1,â∑êÖ/RH,Reserved1,,Reserved2,Reserved3,,20,0,0,0,0,0,0,0,128,0,0,0,0,ÇlÇr ñæí©,0,16777215,16777215,0,íPà ,20,0,0,0,0,0,0,0,128,0,0,0,0,ÇlÇr ñæí©,END,0
STR,721,897,0,0,65536,,5,16777215,16777215,1,ÉpÉ^Å[Éìê›íË,Reserved1,,Reserved2,Reserved3,,20,0,0,0,0,0,0,0,128,0,0,0,0,ÇlÇr ñæí©,0,16777215,16777215,0,íPà ,20,0,0,0,0,0,0,0,128,0,0,0,0,ÇlÇr ñæí©,END,0
STR,839,897,0,0,65536,,5,16777215,16777215,1,èÛë‘ï\é¶,Reserved1,,Reserved2,Reserved3,,20,0,0,0,0,0,0,0,128,0,0,0,0,ÇlÇr ñæí©,0,16777215,16777215,0,íPà ,20,0,0,0,0,0,0,0,128,0,0,0,0,ÇlÇr ñæí©,END,0
STR,972,898,0,0,65536,,5,16777215,16777215,1,àŸèÌï\é¶,Reserved1,,Reserved2,Reserved3,,20,0,0,0,0,0,0,0,128,0,0,0,0,ÇlÇr ñæí©,0,16777215,16777215,0,íPà ,20,0,0,0,0,0,0,0,128,0,0,0,0,ÇlÇr ñæí©,END,0
STR,1114,897,0,0,65536,,5,16777215,16777215,1,É^ÉCÉ}ï\é¶,Reserved1,,Reserved2,Reserved3,,20,0,0,0,0,0,0,0,128,0,0,0,0,ÇlÇr ñæí©,0,16777215,16777215,0,íPà ,20,0,0,0,0,0,0,0,128,0,0,0,0,ÇlÇr ñæí©,END,0
STR,1250,897,0,0,65536,,5,16777215,16777215,1,ÉOÉâÉtï\é¶,Reserved1,,Reserved2,Reserved3,,20,0,0,0,0,0,0,0,128,0,0,0,0,ÇlÇr ñæí©,0,16777215,16777215,0,íPà ,20,0,0,0,0,0,0,0,128,0,0,0,0,ÇlÇr ñæí©,END,0
STR,673,848,0,0,65536,,5,16777215,16777215,1,í·â∑é∫NoÇQ,Reserved1,,Reserved2,Reserved3,,20,0,0,0,0,0,0,0,128,0,0,0,0,ÇlÇr ñæí©,0,16777215,16777215,0,íPà ,20,0,0,0,0,0,0,0,128,0,0,0,0,ÇlÇr ñæí©,END,0
STR,920,846,0,0,65536,,5,16777215,16777215,1,í·â∑é∫NoÇR,Reserved1,,Reserved2,Reserved3,,20,0,0,0,0,0,0,0,128,0,0,0,0,ÇlÇr ñæí©,0,16777215,16777215,0,íPà ,20,0,0,0,0,0,0,0,128,0,0,0,0,ÇlÇr ñæí©,END,0
STR,1194,846,0,0,65536,,5,16777215,16777215,1,í·â∑é∫NoÇP,Reserved1,,Reserved2,Reserved3,,20,0,0,0,0,0,0,0,128,0,0,0,0,ÇlÇr ñæí©,0,16777215,16777215,0,íPà ,20,0,0,0,0,0,0,0,128,0,0,0,0,ÇlÇr ñæí©,END,0
STR,430,871,0,0,65536,,5,16777215,16777215,1,É^ÉìÉNêÖâ∑,Reserved1,,Reserved2,Reserved3,,20,0,0,0,0,0,0,0,128,0,0,0,0,ÇlÇr ñæí©,0,16777215,16777215,0,íPà ,20,0,0,0,0,0,0,0,128,0,0,0,0,ÇlÇr ñæí©,END,0
STR,434,902,0,0,65536,,5,16777215,16777215,1,êÅèoÇµâ∑ìx,Reserved1,,Reserved2,Reserved3,,20,0,0,0,0,0,0,0,128,0,0,0,0,ÇlÇr ñæí©,0,16777215,16777215,0,íPà ,20,0,0,0,0,0,0,0,128,0,0,0,0,ÇlÇr ñæí©,END,0
STR,563,874,0,0,65536,,5,16777215,16777215,1,∞C,Reserved1,,Reserved2,Reserved3,,-16,0,0,0,400,0,0,0,0,3,2,1,34,Tahoma,0,16777215,16777215,0,Unit,20,0,0,0,0,0,0,0,0,0,0,0,0,Courier New,END,0
STR,563,903,0,0,65536,,5,16777215,16777215,1,∞C,Reserved1,,Reserved2,Reserved3,,-16,0,0,0,400,0,0,0,0,3,2,1,34,Tahoma,0,16777215,16777215,0,Unit,20,0,0,0,0,0,0,0,0,0,0,0,0,Courier New,END,0
STR,196,316,0,0,65536,,5,16777215,16777215,1,ÉuÉâÉCÉì,Reserved1,,Reserved2,Reserved3,,20,0,0,0,0,0,0,0,128,0,0,0,0,ÇlÇr ñæí©,0,16777215,16777215,0,íPà ,20,0,0,0,0,0,0,0,128,0,0,0,0,ÇlÇr ñæí©,END,0
STR,141,395,0,0,65536,,5,16777215,16777215,1,êÖ,Reserved1,,Reserved2,Reserved3,,20,0,0,0,0,0,0,0,128,0,0,0,0,ÇlÇr ñæí©,0,16777215,16777215,0,íPà ,20,0,0,0,0,0,0,0,128,0,0,0,0,ÇlÇr ñæí©,END,0
STR,61,534,0,0,65536,,5,16777215,16777215,1,No.ÇP,Reserved1,,Reserved2,Reserved3,,20,0,0,0,0,0,0,0,128,0,0,0,0,ÇlÇr ñæí©,0,16777215,16777215,0,íPà ,20,0,0,0,0,0,0,0,128,0,0,0,0,ÇlÇr ñæí©,END,0
STR,60,574,0,0,65536,,5,16777215,16777215,1,No.ÇQ,Reserved1,,Reserved2,Reserved3,,20,0,0,0,0,0,0,0,128,0,0,0,0,ÇlÇr ñæí©,0,16777215,16777215,0,íPà ,20,0,0,0,0,0,0,0,128,0,0,0,0,ÇlÇr ñæí©,END,0
STR,60,615,0,0,65536,,5,16777215,16777215,1,No.ÇR,Reserved1,,Reserved2,Reserved3,,20,0,0,0,0,0,0,0,128,0,0,0,0,ÇlÇr ñæí©,0,16777215,16777215,0,íPà ,20,0,0,0,0,0,0,0,128,0,0,0,0,ÇlÇr ñæí©,END,0
STR,50,654,0,0,65536,,5,16777215,16777215,1,â∑êÖ,Reserved1,,Reserved2,Reserved3,,20,0,0,0,0,0,0,0,128,0,0,0,0,ÇlÇr ñæí©,0,16777215,16777215,0,íPà ,20,0,0,0,0,0,0,0,128,0,0,0,0,ÇlÇr ñæí©,END,0
STR,137,268,0,0,65536,,5,0,16777215,1,0,Reserved1,,Reserved2,Reserved3,,-20,0,0,0,400,0,0,0,128,3,2,1,17,ÇlÇr ñæí©,0,16777215,16777215,0,íPà ,20,0,0,0,0,0,0,0,128,0,0,0,0,ÇlÇr ñæí©,END,0
STR,64,300,0,0,65536,,5,0,16777215,1,0,Reserved1,,Reserved2,Reserved3,,-20,0,0,0,400,0,0,0,128,3,2,1,17,ÇlÇr ñæí©,0,16777215,16777215,0,íPà ,20,0,0,0,0,0,0,0,128,0,0,0,0,ÇlÇr ñæí©,END,0
STR,207,352,0,0,65536,,5,0,16777215,1,0,Reserved1,,Reserved2,Reserved3,,-20,0,0,0,400,0,0,0,128,3,2,1,17,ÇlÇr ñæí©,0,16777215,16777215,0,íPà ,20,0,0,0,0,0,0,0,128,0,0,0,0,ÇlÇr ñæí©,END,0
STR,214,431,0,0,65536,,5,0,16777215,1,0,Reserved1,,Reserved2,Reserved3,,-20,0,0,0,400,0,0,0,128,3,2,1,17,ÇlÇr ñæí©,0,16777215,16777215,0,íPà ,20,0,0,0,0,0,0,0,128,0,0,0,0,ÇlÇr ñæí©,END,0
STR,279,301,0,0,65536,,5,0,16777215,1,0,Reserved1,,Reserved2,Reserved3,,-20,0,0,0,400,0,0,0,128,3,2,1,17,ÇlÇr ñæí©,0,16777215,16777215,0,íPà ,20,0,0,0,0,0,0,0,128,0,0,0,0,ÇlÇr ñæí©,END,0
STR,328,345,0,0,65536,,5,0,16777215,1,0,Reserved1,,Reserved2,Reserved3,,-20,0,0,0,400,0,0,0,128,3,2,1,17,ÇlÇr ñæí©,0,16777215,16777215,0,íPà ,20,0,0,0,0,0,0,0,128,0,0,0,0,ÇlÇr ñæí©,END,0
STR,327,301,0,0,65536,,5,0,16777215,1,0,Reserved1,,Reserved2,Reserved3,,-20,0,0,0,400,0,0,0,128,3,2,1,17,ÇlÇr ñæí©,0,16777215,16777215,0,íPà ,20,0,0,0,0,0,0,0,128,0,0,0,0,ÇlÇr ñæí©,END,0
STR,280,346,0,0,65536,,5,0,16777215,1,0,Reserved1,,Reserved2,Reserved3,,-20,0,0,0,400,0,0,0,128,3,2,1,17,ÇlÇr ñæí©,0,16777215,16777215,0,íPà ,20,0,0,0,0,0,0,0,128,0,0,0,0,ÇlÇr ñæí©,END,0
STR,408,212,0,0,65536,,5,0,16777215,1,0,Reserved1,,Reserved2,Reserved3,,-20,0,0,0,400,0,0,0,128,3,2,1,17,ÇlÇr ñæí©,0,16777215,16777215,0,íPà ,20,0,0,0,0,0,0,0,128,0,0,0,0,ÇlÇr ñæí©,END,0
STR,536,212,0,0,65536,,5,0,16777215,1,0,Reserved1,,Reserved2,Reserved3,,-20,0,0,0,400,0,0,0,128,3,2,1,17,ÇlÇr ñæí©,0,16777215,16777215,0,íPà ,20,0,0,0,0,0,0,0,128,0,0,0,0,ÇlÇr ñæí©,END,0
STR,455,360,0,0,65536,,5,0,16777215,1,0,Reserved1,,Reserved2,Reserved3,,-20,0,0,0,400,0,0,0,128,3,2,1,17,ÇlÇr ñæí©,0,16777215,16777215,0,íPà ,20,0,0,0,0,0,0,0,128,0,0,0,0,ÇlÇr ñæí©,END,0
STR,544,286,0,0,65536,,5,0,16777215,1,0,Reserved1,,Reserved2,Reserved3,,-20,0,0,0,400,0,0,0,128,3,2,1,17,ÇlÇr ñæí©,0,16777215,16777215,0,íPà ,20,0,0,0,0,0,0,0,128,0,0,0,0,ÇlÇr ñæí©,END,0
STR,441,509,0,0,65536,,5,0,16777215,1,0,Reserved1,,Reserved2,Reserved3,,-20,0,0,0,400,0,0,0,128,3,2,1,17,ÇlÇr ñæí©,0,16777215,16777215,0,íPà ,20,0,0,0,0,0,0,0,128,0,0,0,0,ÇlÇr ñæí©,END,0
STR,538,776,0,0,65536,,5,0,16777215,1,0,Reserved1,,Reserved2,Reserved3,,-20,0,0,0,400,0,0,0,128,3,2,1,17,ÇlÇr ñæí©,0,16777215,16777215,0,íPà ,20,0,0,0,0,0,0,0,128,0,0,0,0,ÇlÇr ñæí©,END,0
STR,537,804,0,0,65536,,5,0,16777215,1,0,Reserved1,,Reserved2,Reserved3,,-20,0,0,0,400,0,0,0,128,3,2,1,17,ÇlÇr ñæí©,0,16777215,16777215,0,íPà ,20,0,0,0,0,0,0,0,128,0,0,0,0,ÇlÇr ñæí©,END,0
STR,614,776,0,0,65536,,5,0,16777215,1,0,Reserved1,,Reserved2,Reserved3,,-20,0,0,0,400,0,0,0,128,3,2,1,17,ÇlÇr ñæí©,0,16777215,16777215,0,íPà ,20,0,0,0,0,0,0,0,128,0,0,0,0,ÇlÇr ñæí©,END,0
STR,614,803,0,0,65536,,5,0,16777215,1,0,Reserved1,,Reserved2,Reserved3,,-20,0,0,0,400,0,0,0,128,3,2,1,17,ÇlÇr ñæí©,0,16777215,16777215,0,íPà ,20,0,0,0,0,0,0,0,128,0,0,0,0,ÇlÇr ñæí©,END,0
STR,481,871,0,0,65536,,5,0,16777215,1,0,Reserved1,,Reserved2,Reserved3,,-20,0,0,0,400,0,0,0,128,3,2,1,17,ÇlÇr ñæí©,0,16777215,16777215,0,íPà ,20,0,0,0,0,0,0,0,128,0,0,0,0,ÇlÇr ñæí©,END,0
STR,538,871,0,0,65536,,5,0,16777215,1,0,Reserved1,,Reserved2,Reserved3,,-20,0,0,0,400,0,0,0,128,3,2,1,17,ÇlÇr ñæí©,0,16777215,16777215,0,íPà ,20,0,0,0,0,0,0,0,128,0,0,0,0,ÇlÇr ñæí©,END,0
STR,481,902,0,0,65536,,5,0,16777215,1,0,Reserved1,,Reserved2,Reserved3,,-20,0,0,0,400,0,0,0,128,3,2,1,17,ÇlÇr ñæí©,0,16777215,16777215,0,íPà ,20,0,0,0,0,0,0,0,128,0,0,0,0,ÇlÇr ñæí©,END,0
STR,538,902,0,0,65536,,5,0,16777215,1,0,Reserved1,,Reserved2,Reserved3,,-20,0,0,0,400,0,0,0,128,3,2,1,17,ÇlÇr ñæí©,0,16777215,16777215,0,íPà ,20,0,0,0,0,0,0,0,128,0,0,0,0,ÇlÇr ñæí©,END,0
STR,723,753,0,0,65536,,5,0,16777215,1,0,Reserved1,,Reserved2,Reserved3,,-20,0,0,0,400,0,0,0,128,3,2,1,17,ÇlÇr ñæí©,0,16777215,16777215,0,íPà ,20,0,0,0,0,0,0,0,128,0,0,0,0,ÇlÇr ñæí©,END,0
STR,809,765,0,0,65536,,5,0,16777215,1,0,Reserved1,,Reserved2,Reserved3,,-20,0,0,0,400,0,0,0,128,3,2,1,17,ÇlÇr ñæí©,0,16777215,16777215,0,íPà ,20,0,0,0,0,0,0,0,128,0,0,0,0,ÇlÇr ñæí©,END,0
STR,809,800,0,0,65536,,5,0,16777215,1,0,Reserved1,,Reserved2,Reserved3,,-20,0,0,0,400,0,0,0,128,3,2,1,17,ÇlÇr ñæí©,0,16777215,16777215,0,íPà ,20,0,0,0,0,0,0,0,128,0,0,0,0,ÇlÇr ñæí©,END,0
STR,886,767,0,0,65536,,5,0,16777215,1,0,Reserved1,,Reserved2,Reserved3,,-20,0,0,0,400,0,0,0,128,3,2,1,17,ÇlÇr ñæí©,0,16777215,16777215,0,íPà ,20,0,0,0,0,0,0,0,128,0,0,0,0,ÇlÇr ñæí©,END,0
STR,886,801,0,0,65536,,5,0,16777215,1,0,Reserved1,,Reserved2,Reserved3,,-20,0,0,0,400,0,0,0,128,3,2,1,17,ÇlÇr ñæí©,0,16777215,16777215,0,íPà ,20,0,0,0,0,0,0,0,128,0,0,0,0,ÇlÇr ñæí©,END,0
STR,984,758,0,0,65536,,5,0,16777215,1,0,Reserved1,,Reserved2,Reserved3,,-20,0,0,0,400,0,0,0,128,3,2,1,17,ÇlÇr ñæí©,0,16777215,16777215,0,íPà ,20,0,0,0,0,0,0,0,128,0,0,0,0,ÇlÇr ñæí©,END,0
STR,1113,762,0,0,65536,,5,0,16777215,1,0,Reserved1,,Reserved2,Reserved3,,-20,0,0,0,400,0,0,0,128,3,2,1,17,ÇlÇr ñæí©,0,16777215,16777215,0,íPà ,20,0,0,0,0,0,0,0,128,0,0,0,0,ÇlÇr ñæí©,END,0
STR,1115,814,0,0,65536,,5,0,16777215,1,0,Reserved1,,Reserved2,Reserved3,,-20,0,0,0,400,0,0,0,128,3,2,1,17,ÇlÇr ñæí©,0,16777215,16777215,0,íPà ,20,0,0,0,0,0,0,0,128,0,0,0,0,ÇlÇr ñæí©,END,0
STR,741,519,0,0,65536,,5,0,16777215,1,0,Reserved1,,Reserved2,Reserved3,,-20,0,0,0,400,0,0,0,128,3,2,1,17,ÇlÇr ñæí©,0,16777215,16777215,0,íPà ,20,0,0,0,0,0,0,0,128,0,0,0,0,ÇlÇr ñæí©,END,0
STR,884,536,0,0,65536,,5,0,16777215,1,0,Reserved1,,Reserved2,Reserved3,,-20,0,0,0,400,0,0,0,128,3,2,1,17,ÇlÇr ñæí©,0,16777215,16777215,0,íPà ,20,0,0,0,0,0,0,0,128,0,0,0,0,ÇlÇr ñæí©,END,0
STR,721,275,0,0,65536,,5,0,16777215,1,0,Reserved1,,Reserved2,Reserved3,,-20,0,0,0,400,0,0,0,128,3,2,1,17,ÇlÇr ñæí©,0,16777215,16777215,0,íPà ,20,0,0,0,0,0,0,0,128,0,0,0,0,ÇlÇr ñæí©,END,0
STR,718,219,0,0,65536,,5,0,16777215,1,0,Reserved1,,Reserved2,Reserved3,,-20,0,0,0,400,0,0,0,128,3,2,1,17,ÇlÇr ñæí©,0,16777215,16777215,0,íPà ,20,0,0,0,0,0,0,0,128,0,0,0,0,ÇlÇr ñæí©,END,0
STR,901,66,0,0,65536,,5,0,16777215,1,0,Reserved1,,Reserved2,Reserved3,,-20,0,0,0,400,0,0,0,128,3,2,1,17,ÇlÇr ñæí©,0,16777215,16777215,0,íPà ,20,0,0,0,0,0,0,0,128,0,0,0,0,ÇlÇr ñæí©,END,0
STR,1049,58,0,0,65536,,5,0,16777215,1,0,Reserved1,,Reserved2,Reserved3,,-20,0,0,0,400,0,0,0,128,3,2,1,17,ÇlÇr ñæí©,0,16777215,16777215,0,íPà ,20,0,0,0,0,0,0,0,128,0,0,0,0,ÇlÇr ñæí©,END,0
STR,1056,178,0,0,65536,,5,0,16777215,1,0,Reserved1,,Reserved2,Reserved3,,-20,0,0,0,400,0,0,0,128,3,2,1,17,ÇlÇr ñæí©,0,16777215,16777215,0,íPà ,20,0,0,0,0,0,0,0,128,0,0,0,0,ÇlÇr ñæí©,END,0
STR,1030,287,0,0,65536,,5,0,16777215,1,0,Reserved1,,Reserved2,Reserved3,,-20,0,0,0,400,0,0,0,128,3,2,1,17,ÇlÇr ñæí©,0,16777215,16777215,0,íPà ,20,0,0,0,0,0,0,0,128,0,0,0,0,ÇlÇr ñæí©,END,0
STR,1227,292,0,0,65536,,5,0,16777215,1,0,Reserved1,,Reserved2,Reserved3,,-20,0,0,0,400,0,0,0,128,3,2,1,17,ÇlÇr ñæí©,0,16777215,16777215,0,íPà ,20,0,0,0,0,0,0,0,128,0,0,0,0,ÇlÇr ñæí©,END,0
STR,1228,362,0,0,65536,,5,0,16777215,1,0,Reserved1,,Reserved2,Reserved3,,-20,0,0,0,400,0,0,0,128,3,2,1,17,ÇlÇr ñæí©,0,16777215,16777215,0,íPà ,20,0,0,0,0,0,0,0,128,0,0,0,0,ÇlÇr ñæí©,END,0
